Year,Name,ERA,BB,SO,G,IP,Position
 , ,0, , , , ,
2022,A.J. Alexy,11.57,9,6,4,7,Pitcher
2022,A.J. Ladwig,10.8,0,0,1,3.1,Pitcher
2022,A.J. Minter,2.06,15,94,75,70,Pitcher
2022,A.J. Puk,3.12,23,76,62,66.1,Pitcher
2022,Aaron Ashby,4.44,47,126,27,107.1,Pitcher
2022,Aaron Brooks,7.71,2,7,5,9.1,Pitcher
2022,Aaron Bummer,2.36,10,30,32,26.2,Pitcher
2022,Aaron Civale,4.92,22,98,20,97,Pitcher
2022,Aaron Fletcher,6.94,4,6,9,11.2,Pitcher
2022,Aaron Loup,3.84,22,52,65,58.2,Pitcher
2022,Aaron Nola,3.25,29,235,32,205,Pitcher
2022,Aaron Sanchez,6.6,15,41,15,60,Pitcher
2022,Adam Cimber,2.8,13,58,77,70.2,Pitcher
2022,Adam Kolarek,4.58,8,9,15,17.2,Pitcher
2022,Adam Oller,6.3,39,46,19,74.1,Pitcher
2022,Adam Ottavino,2.06,16,79,66,65.2,Pitcher
2022,Adam Wainwright,3.71,54,143,32,191.2,Pitcher
2022,Adbert Alzolay,3.38,2,19,6,13.1,Pitcher
2022,Adonis Medina,6.08,6,17,14,23.2,Pitcher
2022,Adri\xc3\xa1n Martinez,6.24,19,53,12,57.2,Pitcher
2022,Adri\xc3\xa1n Morej\xc3\xb3n,4.24,9,28,26,34,Pitcher
2022,Adrian Houser,4.73,47,69,22,102.2,Pitcher
2022,Adrian Sampson,3.11,27,73,21,104.1,Pitcher
2022,Albert Abreu,3.26,22,38,33,38.2,Pitcher
2022,Albert Pujols,36,1,0,1,1,Pitcher
2022,Alcides Escobar,10.8,1,0,2,1.2,Pitcher
2022,Alec Mills,9.68,3,11,7,17.2,Pitcher
2022,Alejo Lopez,6.75,0,0,3,2.2,Pitcher
2022,Alek Manoah,2.24,51,180,31,196.2,Pitcher
2022,Alex Claudio,0,2,2,3,3.1,Pitcher
2022,Alex Cobb,3.73,43,151,28,149.2,Pitcher
2022,Alex Colom\xc3\xa9,5.74,22,32,53,47,Pitcher
2022,Alex Faedo,5.53,25,44,12,53.2,Pitcher
2022,Alex Lange,3.41,31,82,71,63.1,Pitcher
2022,Alex Vesia,2.15,24,79,63,54.1,Pitcher
2022,Alex Wells,4.91,0,6,2,3.2,Pitcher
2022,Alex Wood,5.1,30,131,26,130.2,Pitcher
2022,Alex Young,2.36,11,21,25,26.2,Pitcher
2022,Alexis D\xc3\xadaz,1.84,33,83,59,63.2,Pitcher
2022,Amir Garrett,4.96,32,49,60,45.1,Pitcher
2022,An\xc3\xadbal S\xc3\xa1nchez,4.28,33,48,14,69.1,Pitcher
2022,Anderson Espinoza,5.4,16,19,7,18.1,Pitcher
2022,Anderson Severino,6.14,4,9,6,7.1,Pitcher
2022,Andr\xc3\xa9s Machado,3.34,26,46,51,59.1,Pitcher
2022,Andr\xc3\xa9s Mu\xc3\xb1oz,2.49,15,96,64,65,Pitcher
2022,Andre Jackson,1.86,4,9,4,9.2,Pitcher
2022,Andre Pallante,3.17,40,73,47,108,Pitcher
2022,Andrelton Simmons,45,1,0,1,1,Pitcher
2022,Andrew Bellatti,3.31,25,78,59,54.1,Pitcher
2022,Andrew Chafin,2.83,19,67,64,57.1,Pitcher
2022,Andrew Heaney,3.1,19,110,16,72.2,Pitcher
2022,Andrew Kittredge,3.15,2,14,17,20,Pitcher
2022,Andrew Knizner,0,0,0,1,0.2,Pitcher
2022,Andrew Nardi,9.82,14,24,13,14.2,Pitcher
2022,Andrew Vasquez,6.23,4,10,10,8.2,Pitcher
2022,Andrew Wantz,3.22,21,52,42,50.1,Pitcher
2022,Aneurys Zabala,0,1,2,2,2.2,Pitcher
2022,Angel De Jesus,2.13,4,7,8,12.2,Pitcher
2022,Angel Rond\xc3\xb3n,0,3,4,1,5,Pitcher
2022,Angel Zerpa,1.64,3,3,3,11,Pitcher
2022,Anthony Banda,6.75,13,30,32,26.2,Pitcher
2022,Anthony Bass,1.54,20,73,73,70.1,Pitcher
2022,Anthony Bender,3.26,8,17,22,19.1,Pitcher
2022,Anthony Castro,7.43,10,12,12,13.1,Pitcher
2022,Anthony DeSclafani,6.63,4,17,5,19,Pitcher
2022,Anthony Gose,4.71,14,28,22,21,Pitcher
2022,Anthony Kay,4.5,1,3,1,2,Pitcher
2022,Anthony Misiewicz,4.34,10,27,32,29,Pitcher
2022,Antonio Senzatela,5.07,23,54,19,92.1,Pitcher
2022,Archie Bradley,4.82,7,15,21,18.2,Pitcher
2022,Arodys Vizca\xc3\xadno,6.35,7,3,7,5.2,Pitcher
2022,Aroldis Chapman,4.46,28,43,43,36.1,Pitcher
2022,Art Warren,6.5,22,40,39,36,Pitcher
2022,Ashton Goudeau,7.08,10,16,12,20.1,Pitcher
2022,Austin Adams,0,3,2,2,2.1,Pitcher
2022,Austin Brice,4.05,3,5,4,6.2,Pitcher
2022,Austin Davis,5.79,33,64,52,56,Pitcher
2022,Austin Gomber,5.56,34,95,33,124.2,Pitcher
2022,Austin Pruitt,4.23,9,38,39,55.1,Pitcher
2022,Austin Voth,4.34,31,90,41,101.2,Pitcher
2022,Austin Warren,5.63,5,9,14,16,Pitcher
2022,Austin Wynns,13.5,1,0,2,2,Pitcher
2022,Bailey Falter,3.86,17,74,20,84,Pitcher
2022,Bailey Ober,3.21,11,51,11,56,Pitcher
2022,Beau Brieske,4.19,25,54,15,81.2,Pitcher
2022,Beau Sulser,3.63,9,19,10,22.1,Pitcher
2022,Bennett Sousa,8.41,10,12,25,20.1,Pitcher
2022,Blake Snell,3.38,51,171,24,128,Pitcher
2022,Blake Taylor,3.94,10,9,19,16,Pitcher
2022,Blake Treinen,1.8,1,6,5,5,Pitcher
2022,Bowden Francis,0,0,1,1,0.2,Pitcher
2022,Brad Boxberger,2.95,27,68,70,64,Pitcher
2022,Brad Hand,2.8,23,38,55,45,Pitcher
2022,Brad Keller,5.09,57,102,35,139.2,Pitcher
2022,Brady Singer,3.23,35,150,27,153.1,Pitcher
2022,Brandon Bielak,3.65,4,12,5,12.1,Pitcher
2022,Brandon Hughes,3.12,21,68,57,57.2,Pitcher
2022,Brandon Woodruff,3.05,42,190,27,153.1,Pitcher
2022,Braxton Garrett,3.58,24,90,17,88,Pitcher
2022,Brayan Bello,4.71,27,55,13,57.1,Pitcher
2022,Brendon Little,40.5,1,0,1,0.2,Pitcher
2022,Brennan Bernardino,3.86,2,0,2,2.1,Pitcher
2022,Brent Suter,3.78,22,53,54,66.2,Pitcher
2022,Brett Martin,4.14,18,40,55,50,Pitcher
2022,Brett Phillips,18,2,0,3,4,Pitcher
2022,Brian Moran,54,1,0,1,0.1,Pitcher
2022,Brian Serven,0,1,0,1,1,Pitcher
2022,Brock Burke,1.97,24,90,52,82.1,Pitcher
2022,Brooks Raley,2.68,15,61,60,53.2,Pitcher
2022,Bruce Zimmermann,5.99,12,49,15,73.2,Pitcher
2022,Brusdar Graterol,3.26,10,43,46,49.2,Pitcher
2022,Bryan Abreu,1.94,26,88,55,60.1,Pitcher
2022,Bryan Baker,3.49,26,76,66,69.2,Pitcher
2022,Bryan Garcia,3.54,10,17,4,20.1,Pitcher
2022,Bryan Hoeing,12.08,5,6,8,12.2,Pitcher
2022,Bryan Shaw,5.4,26,52,60,58.1,Pitcher
2022,Bryce Elder,3.17,23,47,10,54,Pitcher
2022,Bryce Montes de Oca,10.8,2,6,3,3.1,Pitcher
2022,Bryse Wilson,5.52,32,79,25,115.2,Pitcher
2022,Bubby Rossman,18,1,1,1,1,Pitcher
2022,Buck Farmer,3.83,25,54,44,47,Pitcher
2022,C\xc3\xa9sar Valdez,9,0,0,1,1,Pitcher
2022,Cade Cavalli,14.54,2,6,1,4.1,Pitcher
2022,Cal Quantrill,3.38,47,128,32,186.1,Pitcher
2022,Caleb Ferguson,1.82,17,37,37,34.2,Pitcher
2022,Caleb Kilian,10.32,12,9,3,11.1,Pitcher
2022,Caleb Smith,4.11,39,65,44,70,Pitcher
2022,Caleb Thielbar,3.49,18,80,67,59.1,Pitcher
2022,Calvin Faucher,5.48,10,21,22,21.1,Pitcher
2022,Cam Alldred,0,0,1,1,1,Pitcher
2022,Cam Vieaux,10.38,5,15,8,8.2,Pitcher
2022,Camilo Doval,2.53,30,80,68,67.2,Pitcher
2022,Carl Edwards Jr.,2.76,25,56,57,62,Pitcher
2022,Carlos Carrasco,3.97,41,152,29,152,Pitcher
2022,Carlos Est\xc3\xa9vez,3.47,23,54,62,57,Pitcher
2022,Carlos Hern\xc3\xa1ndez,7.39,31,35,27,56,Pitcher
2022,Carlos Rod\xc3\xb3n,2.88,52,237,31,178,Pitcher
2022,Carson Kelly,7.71,2,0,4,4.2,Pitcher
2022,Casey Lawrence,7.5,4,11,6,18,Pitcher
2022,Casey Mize,5.4,2,4,2,10,Pitcher
2022,Chad Green,3,5,16,14,15,Pitcher
2022,Chad Kuhl,5.72,58,110,27,137,Pitcher
2022,Chad Pinder,27,2,0,1,1,Pitcher
2022,Chad Smith,7.5,15,23,15,18,Pitcher
2022,Charlie Culberson,0,1,0,2,2,Pitcher
2022,Charlie Morton,4.34,63,205,31,172,Pitcher
2022,Chase Anderson,6.38,15,23,9,24,Pitcher
2022,Chase De Jong,2.64,30,59,42,71.2,Pitcher
2022,Chase Silseth,6.59,12,24,7,28.2,Pitcher
2022,Chasen Shreve,6.49,10,29,25,26.1,Pitcher
2022,Chi Chi Gonz\xc3\xa1lez,5.87,7,15,7,23,Pitcher
2022,Chris Archer,4.56,48,84,25,102.2,Pitcher
2022,Chris Bassitt,3.42,49,167,30,181.2,Pitcher
2022,Chris Devenski,8.59,1,12,13,14.2,Pitcher
2022,Chris Ellis,10.38,6,2,2,4.1,Pitcher
2022,Chris Flexen,3.73,51,95,33,137.2,Pitcher
2022,Chris Martin,3.05,5,74,60,56,Pitcher
2022,Chris Mazza,11.81,6,5,2,5.1,Pitcher
2022,Chris Owings,9,0,0,1,1,Pitcher
2022,Chris Paddack,4.03,2,20,5,22.1,Pitcher
2022,Chris Sale,3.18,1,5,2,5.2,Pitcher
2022,Chris Stratton,4.26,25,60,60,63.1,Pitcher
2022,Christian Bethancourt,2.25,1,1,4,4,Pitcher
2022,Cionel P\xc3\xa9rez,1.4,21,55,66,57.2,Pitcher
2022,Clarke Schmidt,3.12,23,56,29,57.2,Pitcher
2022,Clay Holmes,2.54,20,65,62,63.2,Pitcher
2022,Clayton Kershaw,2.28,23,137,22,126.1,Pitcher
2022,Cody Morris,2.28,12,23,7,23.2,Pitcher
2022,Cody Poteet,3.86,11,21,12,28,Pitcher
2022,Cody Sedlock,15,1,3,1,3,Pitcher
2022,Cody Stashak,3.86,0,15,11,16.1,Pitcher
2022,Cole Irvin,3.98,36,128,30,181,Pitcher
2022,Cole Ragans,4.95,16,27,9,40,Pitcher
2022,Cole Sands,5.87,13,28,11,30.2,Pitcher
2022,Cole Sulser,5.29,16,38,39,34,Pitcher
2022,Cole Waites,3.18,4,4,7,5.2,Pitcher
2022,Colin Holderman,3.81,14,24,24,28.1,Pitcher
2022,Colin Poche,3.99,22,64,65,58.2,Pitcher
2022,Collin McHugh,2.6,14,75,58,69.1,Pitcher
2022,Collin Snider,6.55,15,22,42,34.1,Pitcher
2022,Collin Wiles,4.66,2,9,4,9.2,Pitcher
2022,Conner Menez,0,0,1,1,1,Pitcher
2022,Connor Brogdon,3.27,11,50,47,44,Pitcher
2022,Connor Overton,2.73,11,14,6,33,Pitcher
2022,Connor Sadzeck,9,1,2,2,3,Pitcher
2022,Connor Seabold,11.29,8,19,5,18.1,Pitcher
2022,Cooper Criswell,2.7,1,4,1,3.1,Pitcher
2022,Corbin Burnes,2.94,51,243,33,202,Pitcher
2022,Corbin Martin,4.84,12,21,7,22.1,Pitcher
2022,Corey Dickerson,0,1,0,1,1,Pitcher
2022,Corey Kluber,4.34,21,139,31,164,Pitcher
2022,Corey Knebel,3.43,28,41,46,44.2,Pitcher
2022,Cory Abbott,5.25,25,45,16,48,Pitcher
2022,Craig Kimbrel,3.75,28,72,63,60,Pitcher
2022,Craig Stammen,4.43,10,35,33,40.2,Pitcher
2022,Cristian Javier,2.54,52,194,30,148.2,Pitcher
2022,Cristofer Ogando,4.15,1,2,3,4.1,Pitcher
2022,Cristopher S\xc3\xa1nchez,5.63,17,35,15,40,Pitcher
2022,DL Hall,5.93,6,19,11,13.2,Pitcher
2022,Dakota Hudson,4.45,61,78,27,139.2,Pitcher
2022,Dallas Keuchel,9.2,31,45,14,60.2,Pitcher
2022,Damon Jones,9.64,5,5,4,4.2,Pitcher
2022,Dane Dunning,4.46,62,137,29,153.1,Pitcher
2022,Daniel Bard,1.79,25,69,57,60.1,Pitcher
2022,Daniel Castano,4.04,9,20,10,35.2,Pitcher
2022,Daniel Duarte,10.13,3,2,3,2.2,Pitcher
2022,Daniel Hudson,2.22,5,30,25,24.1,Pitcher
2022,Daniel Lynch IV,5.13,52,122,27,131.2,Pitcher
2022,Daniel Mengden,5.14,1,8,5,7,Pitcher
2022,Daniel Norris,5.22,29,66,41,58.2,Pitcher
2022,Danny Coulombe,1.46,9,9,10,12.1,Pitcher
2022,Danny Young,4.26,2,6,3,6.1,Pitcher
2022,Dany Jim\xc3\xa9nez,3.41,18,34,34,34.1,Pitcher
2022,Darick Hall,0,0,0,1,0.1,Pitcher
2022,Darin Ruf,0,0,0,1,2,Pitcher
2022,Darren O\'Day,4.15,10,26,28,21.2,Pitcher
2022,Darwinzon Hern\xc3\xa1ndez,21.6,8,9,7,6.2,Pitcher
2022,Daulton Jefferies,5.72,8,28,8,39.1,Pitcher
2022,Dauri Moreta,5.4,13,39,35,38.1,Pitcher
2022,David Bednar,2.61,16,69,45,51.2,Pitcher
2022,David McKay,6.75,4,3,4,6.2,Pitcher
2022,David Peterson,3.83,48,126,28,105.2,Pitcher
2022,David Phelps,2.83,31,64,65,63.2,Pitcher
2022,David Price,2.45,9,37,40,40.1,Pitcher
2022,David Robertson,2.4,35,81,58,63.2,Pitcher
2022,Davis Martin,4.83,19,48,14,63.1,Pitcher
2022,Dean Kremer,3.23,34,87,22,125.1,Pitcher
2022,Dee Strange-Gordon,27,3,0,1,1,Pitcher
2022,Dennis Santana,5.22,28,54,63,58.2,Pitcher
2022,Denyi Reyes,2.35,1,3,3,7.2,Pitcher
2022,Dereck Rodr\xc3\xadguez,3.52,4,4,2,7.2,Pitcher
2022,Derek Law,4.12,8,17,17,19.2,Pitcher
2022,Devin Smeltzer,3.71,19,40,15,70.1,Pitcher
2022,Devin Williams,1.93,30,96,65,60.2,Pitcher
2022,Diego Castillo,36,3,1,2,2,Pitcher
2022,Diego Castillo,3.64,22,53,59,54.1,Pitcher
2022,Dillon Peters,4.58,17,26,22,39.1,Pitcher
2022,Dillon Tate,3.05,16,60,67,73.2,Pitcher
2022,Dinelson Lamet,6.12,19,45,32,32.1,Pitcher
2022,Domingo Acevedo,3.33,17,58,70,67.2,Pitcher
2022,Domingo Germ\xc3\xa1n,3.61,19,58,15,72.1,Pitcher
2022,Domingo Tapia,8.47,14,12,11,17,Pitcher
2022,Dominic Leone,4.01,24,52,55,49.1,Pitcher
2022,Donovan Walton,27,1,0,1,1,Pitcher
2022,Drew Carlton,2.08,0,7,5,8.2,Pitcher
2022,Drew Hutchison,4.53,42,68,28,105.1,Pitcher
2022,Drew Rasmussen,2.84,31,125,28,146,Pitcher
2022,Drew Smith,3.33,15,53,44,46,Pitcher
2022,Drew Smyly,3.47,26,91,22,106.1,Pitcher
2022,Drew Steckenrider,5.65,5,10,16,14.1,Pitcher
2022,Drew VerHagen,6.65,14,18,19,21.2,Pitcher
2022,Drey Jameson,1.48,7,24,4,24.1,Pitcher
2022,Duane Underwood Jr.,4.4,25,57,51,57.1,Pitcher
2022,Dusten Knight,5.73,4,9,6,11,Pitcher
2022,Dustin May,4.5,14,29,6,30,Pitcher
2022,Dylan Bundy,4.89,28,94,29,140,Pitcher
2022,Dylan Cease,2.2,78,227,32,184,Pitcher
2022,Dylan Coleman,2.78,37,71,68,68,Pitcher
2022,Dylan Floro,3.02,15,48,56,53.2,Pitcher
2022,Dylan Lee,2.13,10,59,46,50.2,Pitcher
2022,Easton McGee,0,0,1,1,3,Pitcher
2022,Eduard Bazardo,2.76,4,11,12,16.1,Pitcher
2022,Eduardo Rodriguez,4.05,34,72,17,91,Pitcher
2022,Edward Cabrera,3.01,33,75,14,71.2,Pitcher
2022,Edwin D\xc3\xadaz,1.31,18,118,61,62,Pitcher
2022,Edwin Uceta,5.82,7,13,10,17,Pitcher
2022,Ehire Adrianza,0,1,1,1,1,Pitcher
2022,Eli Morgan,3.38,13,72,50,66.2,Pitcher
2022,Elieser Hern\xc3\xa1ndez,6.35,22,60,20,62.1,Pitcher
2022,Elvin Rodriguez,10.62,15,25,7,29.2,Pitcher
2022,Elvis Peguero,6.75,5,12,13,17.1,Pitcher
2022,Emilio Pag\xc3\xa1n,4.43,26,84,59,63,Pitcher
2022,Emmanuel Clase,1.36,10,77,77,72.2,Pitcher
2022,Enoli Paredes,3,3,2,3,3,Pitcher
2022,Enyel De Los Santos,3.04,17,61,50,53.1,Pitcher
2022,Erasmo Ram\xc3\xadrez,2.92,14,61,60,86.1,Pitcher
2022,Eric Lauer,3.69,59,157,29,158.2,Pitcher
2022,Eric Stout,5.64,16,25,20,22.1,Pitcher
2022,Erich Uelmen,4.67,12,21,25,27,Pitcher
2022,Erick Fedde,5.81,58,94,27,127,Pitcher
2022,Erik Swanson,1.68,10,70,57,53.2,Pitcher
2022,Ernie Clement,18,0,0,2,2,Pitcher
2022,Ethan Roberts,8.22,6,9,9,7.2,Pitcher
2022,Ethan Small,7.11,8,7,2,6.1,Pitcher
2022,Evan Lee,4.15,7,7,4,8.2,Pitcher
2022,Evan Phillips,1.14,15,77,64,63,Pitcher
2022,F\xc3\xa9lix Bautista,2.19,23,88,65,65.2,Pitcher
2022,Fernando Cruz,1.23,9,21,14,14.2,Pitcher
2022,Foster Griffin,8.53,5,4,6,6.1,Pitcher
2022,Framber Valdez,2.82,67,194,31,201.1,Pitcher
2022,Francisco Morales,7.2,6,3,3,5,Pitcher
2022,Francisco P\xc3\xa9rez,7.27,9,7,10,8.2,Pitcher
2022,Frank German,18,4,4,5,4,Pitcher
2022,Frank Schwindel,18,1,0,3,3,Pitcher
2022,Frankie Montas,4.05,43,142,27,144.1,Pitcher
2022,Franmil Reyes,0,0,1,1,1,Pitcher
2022,Freddy Peralta,3.58,27,86,18,78,Pitcher
2022,Freddy Tarnok,0,0,1,1,0.2,Pitcher
2022,G\xc3\xa9nesis Cabrera,4.63,20,32,39,44.2,Pitcher
2022,Gabe Speier,2.33,5,14,17,19.1,Pitcher
2022,Garrett Cleavinger,3.91,7,32,17,23,Pitcher
2022,Garrett Hill,4.03,29,40,17,60.1,Pitcher
2022,Garrett Richards,5.27,13,36,32,42.2,Pitcher
2022,Garrett Stubbs,17.18,1,1,4,3.2,Pitcher
2022,Garrett Whitlock,3.45,15,82,31,78.1,Pitcher
2022,Gavin Hollowell,7.71,4,8,6,7,Pitcher
2022,George Kirby,3.39,22,133,25,130,Pitcher
2022,Gerardo Reyes,4.5,3,0,2,2,Pitcher
2022,Germ\xc3\xa1n M\xc3\xa1rquez,4.95,63,150,31,181.2,Pitcher
2022,Gerrit Cole,3.5,50,257,33,200.2,Pitcher
2022,Giovanny Gallegos,3.05,18,73,57,59,Pitcher
2022,Glenn Otto,4.64,62,107,27,135.2,Pitcher
2022,Graham Ashcraft,4.89,30,71,19,105,Pitcher
2022,Greg Holland,7.71,1,5,5,4.2,Pitcher
2022,Greg Weissert,5.56,5,11,12,11.1,Pitcher
2022,Gregory Santos,4.91,3,2,2,3.2,Pitcher
2022,Gregory Soto,3.28,34,60,64,60.1,Pitcher
2022,Griffin Jax,3.36,20,78,65,72.1,Pitcher
2022,Hansel Robles,5.84,14,21,26,24.2,Pitcher
2022,Hanser Alberto,4.09,3,1,10,11,Pitcher
2022,Harold Castro,4.5,1,1,4,4,Pitcher
2022,Hayden Wesneski,2.18,7,33,6,33,Pitcher
2022,Heath Hembree,7.36,17,17,26,22,Pitcher
2022,Hector Neris,3.72,17,79,70,65.1,Pitcher
2022,Hirokazu Sawamura,3.73,27,40,49,50.2,Pitcher
2022,Hoby Milner,3.76,15,64,67,64.2,Pitcher
2022,Huascar Brazoban,3.09,21,40,27,32,Pitcher
2022,Huascar Ynoa,13.5,6,8,2,6.2,Pitcher
2022,Humberto Castellanos,5.68,12,32,11,44.1,Pitcher
2022,Hunter Brown,0.89,7,22,7,20.1,Pitcher
2022,Hunter Dozier,18,1,0,1,1,Pitcher
2022,Hunter Gaddis,18.41,3,5,2,7.1,Pitcher
2022,Hunter Greene,4.44,48,164,24,125.2,Pitcher
2022,Hunter Harvey,2.52,12,45,38,39.1,Pitcher
2022,Hunter Strickland,4.91,33,60,66,62.1,Pitcher
2022,Hyun Jin Ryu,5.67,4,16,6,27,Pitcher
2022,Ian Anderson,5,54,97,22,111.2,Pitcher
2022,Ian Gibaut,4.5,18,48,34,36,Pitcher
2022,Ian Hamilton,6.75,1,0,1,2.2,Pitcher
2022,Ian Kennedy,5.36,22,44,57,50.1,Pitcher
2022,Ildemaro Vargas,0,0,0,1,1,Pitcher
2022,J.B. Wendelken,5.28,14,21,29,29,Pitcher
2022,J.C. Mej\xc3\xada,23.14,5,1,2,2.1,Pitcher
2022,J.P. Feyereisen,0,5,25,22,24.1,Pitcher
2022,JP Sears,3.86,23,51,17,70,Pitcher
2022,JT Brubaker,4.69,54,147,28,144,Pitcher
2022,JT Chargois,2.42,5,17,21,22.1,Pitcher
2022,Jace Peterson,0,0,0,1,1,Pitcher
2022,Jack Flaherty,4.25,22,33,9,36,Pitcher
2022,Jack Mayfield,0,0,0,1,1,Pitcher
2022,Jackie Bradley Jr.,9,3,1,1,1,Pitcher
2022,Jackson Kowar,9.77,11,17,7,15.2,Pitcher
2022,Jackson Stephens,3.69,23,47,39,53.2,Pitcher
2022,Jackson Tetreault,5.14,10,9,4,21,Pitcher
2022,Jacob Barnes,5.64,9,12,23,22.1,Pitcher
2022,Jacob Lemoine,7.71,7,13,9,16.1,Pitcher
2022,Jacob deGrom,3.08,8,102,11,64.1,Pitcher
2022,Jaime Barria,2.61,19,54,35,79.1,Pitcher
2022,Jake Bird,4.91,23,42,38,47.2,Pitcher
2022,Jake Brentz,23.63,10,9,8,5.1,Pitcher
2022,Jake Cousins,2.7,8,21,12,13.1,Pitcher
2022,Jake Diekman,4.99,42,79,70,57.2,Pitcher
2022,Jake Fishman,4.09,0,6,7,11,Pitcher
2022,Jake Hager,7.71,0,1,3,2.1,Pitcher
2022,Jake McGee,6.81,12,25,42,37,Pitcher
2022,Jake Odorizzi,4.4,35,86,22,106.1,Pitcher
2022,Jake Reed,7.02,8,13,18,16.2,Pitcher
2022,Jake Walsh,13.5,2,5,3,2.2,Pitcher
2022,Jake Woodford,2.23,11,24,27,48.1,Pitcher
2022,Jakob Junis,4.42,25,98,23,112,Pitcher
2022,Jalen Beeks,2.8,22,70,42,61,Pitcher
2022,James Kaprielian,4.23,59,98,26,134,Pitcher
2022,James Karinchak,2.08,21,62,38,39,Pitcher
2022,James Naile,5,2,5,7,9,Pitcher
2022,James Norwood,8.31,9,22,20,17.1,Pitcher
2022,Jameson Taillon,3.91,32,151,32,177.1,Pitcher
2022,Jandel Gustave,3.86,11,27,27,28,Pitcher
2022,Janson Junk,6.48,3,11,3,8.1,Pitcher
2022,Jared Koenig,5.72,15,22,10,39.1,Pitcher
2022,Jared Solomon,10.8,5,9,9,8.1,Pitcher
2022,Jarl\xc3\xadn Garc\xc3\xada,3.74,18,56,58,65,Pitcher
2022,Jason Adam,1.56,17,75,67,63.1,Pitcher
2022,Jason Alexander,5.4,28,46,18,71.2,Pitcher
2022,Jason Foley,3.88,11,43,60,60.1,Pitcher
2022,Javier Assad,3.11,20,30,9,37.2,Pitcher
2022,Javy Guerra,5,11,10,18,18,Pitcher
2022,Jay Jackson,0,0,1,2,1.1,Pitcher
2022,Jeff Brigham,3.38,10,28,16,24,Pitcher
2022,Jeff Hoffman,3.83,23,45,35,44.2,Pitcher
2022,Jeffrey Springs,2.46,31,144,33,135.1,Pitcher
2022,Jerad Eickhoff,20.77,1,4,1,4.1,Pitcher
2022,Jeremiah Estrada,3.18,3,8,5,5.2,Pitcher
2022,Jeremy Beasley,4.8,5,19,9,15,Pitcher
2022,Jermaine Palacios,0,0,1,2,0.2,Pitcher
2022,Jes\xc3\xbas Luzardo,3.32,35,120,18,100.1,Pitcher
2022,Jesse Chavez,3.76,20,74,60,69.1,Pitcher
2022,Jesus Cruz,6.23,4,6,7,8.2,Pitcher
2022,Jesus Tinoco,2.18,10,18,17,20.2,Pitcher
2022,Jeurys Familia,6.09,22,41,48,44.1,Pitcher
2022,Jharel Cotton,3.56,20,39,30,43,Pitcher
2022,Jhoan Duran,1.86,16,89,57,67.2,Pitcher
2022,Jhon Romero,3.6,1,6,4,5,Pitcher
2022,Jhonathan Diaz,2.93,10,11,4,15.1,Pitcher
2022,Jhoulys Chac\xc3\xadn,7.61,21,37,35,47.1,Pitcher
2022,Jimmy Herget,2.48,15,63,49,69,Pitcher
2022,Jimmy Lambert,3.26,24,45,42,47,Pitcher
2022,Jimmy Yacabonis,8.36,10,21,14,14,Pitcher
2022,JoJo Romero,4.96,10,17,17,16.1,Pitcher
2022,Joan Adon,7.1,39,55,14,64.2,Pitcher
2022,Joe Barlow,3.86,13,28,35,35,Pitcher
2022,Joe Jim\xc3\xa9nez,3.49,13,77,62,56.2,Pitcher
2022,Joe Kelly,6.08,23,53,43,37,Pitcher
2022,Joe Mantiply,2.85,6,61,69,60,Pitcher
2022,Joe Musgrove,2.93,42,184,30,181,Pitcher
2022,Joe Ryan,3.55,47,151,27,147,Pitcher
2022,Joe Smith,4.61,9,17,34,27.1,Pitcher
2022,Joel Kuhnel,6.36,14,56,53,58,Pitcher
2022,Joel Payamps,3.23,16,41,41,55.2,Pitcher
2022,Joely Rodr\xc3\xadguez,4.47,26,57,55,50.1,Pitcher
2022,Joey Krehbiel,3.9,18,45,56,57.2,Pitcher
2022,Joey Wentz,3.03,13,27,7,32.2,Pitcher
2022,Johan Oviedo,3.21,23,54,21,56,Pitcher
2022,John Brebbia,3.18,18,54,76,68,Pitcher
2022,John King,4.03,14,30,39,51.1,Pitcher
2022,John Means,3.38,2,7,2,8,Pitcher
2022,John Schreiber,2.22,19,74,64,65,Pitcher
2022,Johnny Cueto,3.35,33,102,25,158.1,Pitcher
2022,Jon Gray,3.96,39,134,24,127.1,Pitcher
2022,Jonathan Heasley,5.28,47,70,21,104,Pitcher
2022,Jonathan Hern\xc3\xa1ndez,2.97,17,27,29,30.1,Pitcher
2022,Jonathan Lo\xc3\xa1isiga,4.13,19,37,50,48,Pitcher
2022,Jordan Hicks,4.84,35,63,35,61.1,Pitcher
2022,Jordan Holloway,3.38,1,2,1,2.2,Pitcher
2022,Jordan Lyles,4.42,52,144,32,179,Pitcher
2022,Jordan Montgomery,3.48,36,158,32,178.1,Pitcher
2022,Jordan Romano,2.11,21,73,63,64,Pitcher
2022,Jordan Sheffield,0,2,1,2,2,Pitcher
2022,Jordan Weems,5.22,12,41,32,39.2,Pitcher
2022,Jorge Alcala,0,2,2,2,2.1,Pitcher
2022,Jorge L\xc3\xb3pez,2.54,31,72,67,71,Pitcher
2022,Jos\xc3\xa9 Alvarado,3.18,24,81,59,51,Pitcher
2022,Jos\xc3\xa9 Berr\xc3\xados,5.23,45,149,32,172,Pitcher
2022,Jos\xc3\xa9 Butto,15.75,2,5,1,4,Pitcher
2022,Jos\xc3\xa9 Castillo,9,1,1,1,1,Pitcher
2022,Jos\xc3\xa9 Cisnero,1.08,19,23,28,25,Pitcher
2022,Jos\xc3\xa9 Leclerc,2.83,21,54,39,47.2,Pitcher
2022,Jos\xc3\xa9 Marte,7.36,18,15,11,11,Pitcher
2022,Jos\xc3\xa9 Quijada,3.98,21,52,42,40.2,Pitcher
2022,Jos\xc3\xa9 Quintana,2.93,47,137,32,165.2,Pitcher
2022,Jos\xc3\xa9 Ruiz,4.6,33,68,63,60.2,Pitcher
2022,Jos\xc3\xa9 Suarez,3.96,33,103,22,109,Pitcher
2022,Jos\xc3\xa9 Ure\xc3\xb1a,5.01,43,63,21,97,Pitcher
2022,Jos\xc3\xa9 Urquidy,3.94,38,134,29,164.1,Pitcher
2022,Jose Alvarez,5.28,9,15,21,15.1,Pitcher
2022,Jose Cuas,3.58,24,34,47,37.2,Pitcher
2022,Josh Fleming,6.43,12,29,10,35,Pitcher
2022,Josh Hader,5.22,21,81,56,50,Pitcher
2022,Josh Harrison,18,2,2,3,3,Pitcher
2022,Josh Rogers,5.13,11,12,16,26.1,Pitcher
2022,Josh Sborz,6.45,11,32,19,22.1,Pitcher
2022,Josh Staumont,6.45,29,43,42,37.2,Pitcher
2022,Josh VanMeter,39,2,0,3,3,Pitcher
2022,Josh Winckowski,5.89,27,44,15,70.1,Pitcher
2022,Josh Winder,4.7,18,47,15,67,Pitcher
2022,Josiah Gray,5.02,66,154,28,148.2,Pitcher
2022,Jovani Moran,2.21,18,54,31,40.2,Pitcher
2022,Juan Minaya,5.59,5,11,6,9.2,Pitcher
2022,Julian Merryweather,6.75,7,23,26,26.2,Pitcher
2022,Julio Ur\xc3\xadas,2.16,41,166,31,175,Pitcher
2022,Junior Fern\xc3\xa1ndez,2.41,12,14,16,18.2,Pitcher
2022,Justin Bruihl,3.8,6,13,24,23.2,Pitcher
2022,Justin Dunn,6.1,17,21,7,31,Pitcher
2022,Justin Grimm,4.11,7,11,15,15.1,Pitcher
2022,Justin Lawrence,5.7,22,48,38,42.2,Pitcher
2022,Justin Steele,3.18,50,126,24,119,Pitcher
2022,Justin Topa,4.91,4,4,7,7.1,Pitcher
2022,Justin Verlander,1.75,29,185,28,175,Pitcher
2022,Justin Wilson,2.45,0,7,5,3.2,Pitcher
2022,Justus Sheffield,3.86,6,7,6,11.2,Pitcher
2022,Kaleb Ort,6.35,15,27,25,28.1,Pitcher
2022,Keegan Akin,3.2,20,77,45,81.2,Pitcher
2022,Keegan Thompson,3.76,43,108,29,115,Pitcher
2022,Ken Giles,0,4,6,5,4.1,Pitcher
2022,Ken Waldichuk,4.93,10,33,7,34.2,Pitcher
2022,Kendall Graveman,3.18,26,66,65,65,Pitcher
2022,Kenley Jansen,3.38,22,85,65,64,Pitcher
2022,Kenny Rosenberg,4.22,6,8,3,10.2,Pitcher
2022,Kervin Castro,10.22,7,11,10,12.1,Pitcher
2022,Kevin Gausman,3.35,28,205,31,174.2,Pitcher
2022,Kevin Ginkel,3.38,11,30,30,29.1,Pitcher
2022,Kevin Herget,7.71,0,4,3,7,Pitcher
2022,Kevin Plawecki,0,0,0,1,1,Pitcher
2022,Keynan Middleton,5.29,3,15,18,17,Pitcher
2022,Kirby Snead,5.84,22,35,46,44.2,Pitcher
2022,Kirby Yates,5.14,5,6,9,7,Pitcher
2022,Kirk McCarty,4.54,13,26,13,37.2,Pitcher
2022,Kodi Whitley,5.68,9,12,14,12.2,Pitcher
2022,Kody Clemens,3.86,1,1,7,7,Pitcher
2022,Kohei Arihara,9.45,11,14,5,20,Pitcher
2022,Kolby Allard,7.29,6,19,10,21,Pitcher
2022,Konnor Pilkington,3.88,32,50,15,58,Pitcher
2022,Kris Bubic,5.58,63,110,28,129,Pitcher
2022,Kutter Crawford,5.47,29,77,21,77.1,Pitcher
2022,Kyle Barraclough,3,4,9,8,9,Pitcher
2022,Kyle Bradish,4.9,46,111,23,117.2,Pitcher
2022,Kyle Crick,4.02,11,19,14,15.2,Pitcher
2022,Kyle Dowdy,0,3,3,2,6.1,Pitcher
2022,Kyle Finnegan,3.51,22,70,66,66.2,Pitcher
2022,Kyle Freeland,4.53,53,131,31,174.2,Pitcher
2022,Kyle Gibson,5.05,48,144,31,167.2,Pitcher
2022,Kyle Hendricks,4.8,24,66,16,84.1,Pitcher
2022,Kyle Muller,8.03,8,12,3,12.1,Pitcher
2022,Kyle Nelson,2.19,14,30,43,37,Pitcher
2022,Kyle Tyler,0,1,2,2,4,Pitcher
2022,Kyle Wright,3.19,53,174,30,180.1,Pitcher
2022,Lance Lynn,3.99,19,124,21,121.2,Pitcher
2022,Lance McCullers Jr.,2.27,22,50,8,47.2,Pitcher
2022,Liam Hendriks,2.81,16,85,58,57.2,Pitcher
2022,Locke St. John,13.5,0,4,1,2,Pitcher
2022,Logan Allen,5.87,5,7,7,7.2,Pitcher
2022,Logan Gilbert,3.2,49,174,32,185.2,Pitcher
2022,Logan Gillaspie,3.12,3,10,17,17.1,Pitcher
2022,Logan Webb,2.9,49,163,32,192.1,Pitcher
2022,Lou Trivino,4.53,24,67,64,53.2,Pitcher
2022,Louie Varland,3.81,6,21,5,26,Pitcher
2022,Louis Head,6.28,15,26,28,28.2,Pitcher
2022,Lucas Gilbreath,4.19,26,49,47,43,Pitcher
2022,Lucas Giolito,4.9,61,177,30,161.2,Pitcher
2022,Lucas Luetge,2.67,17,60,50,57.1,Pitcher
2022,Lucas Sims,9.45,6,5,6,6.2,Pitcher
2022,Luis Castillo,2.99,45,167,25,150.1,Pitcher
2022,Luis Castillo,0,0,4,3,3.2,Pitcher
2022,Luis Cessa,4.57,28,59,46,80.2,Pitcher
2022,Luis Fr\xc3\xadas,10.59,17,14,15,17,Pitcher
2022,Luis Garc\xc3\xada,3.39,17,68,64,61,Pitcher
2022,Luis Garcia,3.72,47,157,28,157.1,Pitcher
2022,Luis Gil,9,2,5,1,4,Pitcher
2022,Luis Gonz\xc3\xa1lez,5.68,1,0,5,6.1,Pitcher
2022,Luis Ortiz,1.04,3,6,6,8.2,Pitcher
2022,Luis Ortiz,4.5,10,17,4,16,Pitcher
2022,Luis Pati\xc3\xb1o,8.1,13,11,6,20,Pitcher
2022,Luis Perdomo,3.8,3,12,14,23.2,Pitcher
2022,Luis Severino,3.18,30,112,19,102,Pitcher
2022,Luis Torrens,4.5,0,0,2,2,Pitcher
2022,Luke Bard,1.8,7,8,9,15,Pitcher
2022,Luke Barker,11.25,0,3,3,4,Pitcher
2022,Luke Farrell,5.4,7,14,6,15,Pitcher
2022,Luke Weaver,6.56,13,38,26,35.2,Pitcher
2022,MacKenzie Gore,4.5,37,72,16,70,Pitcher
2022,Madison Bumgarner,4.88,49,112,30,158.2,Pitcher
2022,Manny Banuelos,4.39,21,42,35,41,Pitcher
2022,Manuel Rodr\xc3\xadguez,3.29,9,8,14,13.2,Pitcher
2022,Marco Gonzales,4.13,50,103,32,183,Pitcher
2022,Marcos Dipl\xc3\xa1n,1.59,5,8,5,5.2,Pitcher
2022,Marcus Stroman,3.5,36,119,25,138.2,Pitcher
2022,Mark Appel,1.74,3,5,6,10.1,Pitcher
2022,Mark Leiter Jr.,3.99,25,73,35,67.2,Pitcher
2022,Mark Melancon,4.66,21,35,62,56,Pitcher
2022,Mart\xc3\xadn P\xc3\xa9rez,2.89,69,169,32,196.1,Pitcher
2022,Marwin Gonzalez,0,0,0,1,0.1,Pitcher
2022,Mason Thompson,2.92,9,15,24,24.2,Pitcher
2022,Matt Barnes,4.31,21,34,44,39.2,Pitcher
2022,Matt Brash,4.44,33,62,39,50.2,Pitcher
2022,Matt Bush,3.47,18,74,65,59.2,Pitcher
2022,Matt Dermody,18,2,1,1,1,Pitcher
2022,Matt Festa,4.17,18,64,53,54,Pitcher
2022,Matt Foster,4.4,17,42,48,45,Pitcher
2022,Matt Gage,1.38,6,12,11,13,Pitcher
2022,Matt Koch,8.31,1,3,4,4.1,Pitcher
2022,Matt Manning,3.43,19,48,12,63,Pitcher
2022,Matt Moore,1.95,38,83,63,74,Pitcher
2022,Matt Peacock,5.4,4,6,9,10,Pitcher
2022,Matt Reynolds,6.75,0,0,2,1.1,Pitcher
2022,Matt Strahm,3.83,17,52,50,44.2,Pitcher
2022,Matt Swarmer,5.03,20,36,11,34,Pitcher
2022,Matt Wisler,2.25,14,35,39,44,Pitcher
2022,Matthew Batten,4.5,0,1,2,2,Pitcher
2022,Matthew Boyd,1.35,8,13,10,13.1,Pitcher
2022,Matthew Liberatore,5.97,18,28,9,34.2,Pitcher
2022,Mauricio Llovera,4.41,8,20,17,16.1,Pitcher
2022,Max Castillo,5.95,15,37,14,39.1,Pitcher
2022,Max Fried,2.48,32,170,30,185.1,Pitcher
2022,Max Kranick,0,3,4,2,5,Pitcher
2022,Max Meyer,7.5,2,6,2,6,Pitcher
2022,Max Scherzer,2.29,24,173,23,145.2,Pitcher
2022,Max Schrock,45,0,0,1,1,Pitcher
2022,Merrill Kelly,3.37,61,177,33,200.1,Pitcher
2022,Michael A. Taylor,9,2,2,1,2,Pitcher
2022,Michael Feliz,2.7,2,4,1,3.1,Pitcher
2022,Michael Fulmer,3.39,28,61,67,63.2,Pitcher
2022,Michael Grove,4.6,10,24,7,29.1,Pitcher
2022,Michael Kelly,2.25,1,4,4,4,Pitcher
2022,Michael King,2.29,16,66,34,51,Pitcher
2022,Michael Kopech,3.54,57,105,25,119.1,Pitcher
2022,Michael Lorenzen,4.24,44,85,18,97.2,Pitcher
2022,Michael Pineda,5.79,8,26,11,46.2,Pitcher
2022,Michael Plassmeyer,3.68,1,7,2,7.1,Pitcher
2022,Michael Rucker,3.95,20,50,41,54.2,Pitcher
2022,Michael Wacha,3.32,31,104,23,127.1,Pitcher
2022,Michel B\xc3\xa1ez,0,0,2,2,2,Pitcher
2022,Miguel Castro,4.03,15,31,34,29,Pitcher
2022,Miguel D\xc3\xadaz,2.45,2,3,3,3.2,Pitcher
2022,Miguel S\xc3\xa1nchez,4.05,8,9,12,13.1,Pitcher
2022,Miguel Yajure,8.88,16,16,12,24.1,Pitcher
2022,Mike Baumann,4.72,9,23,13,34.1,Pitcher
2022,Mike Brosseau,0,1,0,3,3,Pitcher
2022,Mike Clevinger,4.33,35,91,23,114.1,Pitcher
2022,Mike Ford,18,1,0,1,1,Pitcher
2022,Mike Mayers,5.68,18,45,24,50.2,Pitcher
2022,Mike Minor,6.06,40,76,19,98,Pitcher
2022,Miles Mikolas,3.29,39,153,33,202.1,Pitcher
2022,Mitch Keller,3.91,60,138,31,159,Pitcher
2022,Mitch White,5.45,35,78,25,99,Pitcher
2022,Mychal Givens,3.38,25,71,59,61.1,Pitcher
2022,Nabil Crismatt,2.94,22,65,50,67.1,Pitcher
2022,Nash Walters,0,1,0,1,0.1,Pitcher
2022,Nate Fisher,0,2,1,1,3,Pitcher
2022,Nathan Eovaldi,3.87,20,103,20,109.1,Pitcher
2022,Nestor Cortes,2.44,38,163,28,158.1,Pitcher
2022,Nicholas Padilla,5.4,2,1,1,1.2,Pitcher
2022,Nick Duron,0,0,1,1,1,Pitcher
2022,Nick Gordon,22.09,4,0,4,3.2,Pitcher
2022,Nick Lodolo,3.66,39,131,19,103.1,Pitcher
2022,Nick Martinez,3.47,41,95,47,106.1,Pitcher
2022,Nick Maton,20.25,0,0,2,1.1,Pitcher
2022,Nick Mears,0,1,2,2,2,Pitcher
2022,Nick Neidert,3.6,0,3,1,5,Pitcher
2022,Nick Nelson,4.85,36,69,47,68.2,Pitcher
2022,Nick Pivetta,4.56,73,175,33,179.2,Pitcher
2022,Nick Sandlin,2.25,24,41,46,44,Pitcher
2022,Nick Vespi,4.1,8,28,25,26.1,Pitcher
2022,Nick Wittgren,5.9,10,17,29,29,Pitcher
2022,Nicklaus Snyder,18,3,0,2,1,Pitcher
2022,Nicky Lopez,18,0,0,1,1,Pitcher
2022,No\xc3\xa9 Ramirez,5.22,26,51,55,50,Pitcher
2022,Noah Davis,18,1,2,1,1,Pitcher
2022,Noah Syndergaard,3.94,31,95,25,134.2,Pitcher
2022,Norge Ru\xc3\xadz,7.11,7,18,14,19,Pitcher
2022,Oliver Ortega,3.71,18,33,27,34,Pitcher
2022,Oliver P\xc3\xa9rez,15.75,1,1,7,4,Pitcher
2022,Orlando Arcia,0,1,0,1,1,Pitcher
2022,Pablo L\xc3\xb3pez,3.75,53,174,32,180,Pitcher
2022,Pablo Reyes,0,0,0,1,1,Pitcher
2022,Packy Naughton,4.78,7,31,26,32,Pitcher
2022,Paolo Espino,4.84,24,92,42,113.1,Pitcher
2022,Parker Markel,0,5,3,3,3,Pitcher
2022,Parker Mushinski,3.68,3,8,7,7.1,Pitcher
2022,Patrick Corbin,6.31,49,128,31,152.2,Pitcher
2022,Patrick Murphy,6.35,8,4,6,5.2,Pitcher
2022,Patrick Sandoval,2.91,60,151,27,148.2,Pitcher
2022,Paul Blackburn,4.28,30,89,21,111.1,Pitcher
2022,Paul Fry,6.23,9,14,13,13,Pitcher
2022,Paul Sewald,2.67,17,72,65,64,Pitcher
2022,Pedro Avila,4.5,1,5,2,4,Pitcher
2022,Pedro B\xc3\xa1ez,11.57,3,2,3,2.1,Pitcher
2022,Penn Murfee,2.99,18,76,64,69.1,Pitcher
2022,Pete Fairbanks,1.13,3,38,24,24,Pitcher
2022,Peter Strzelecki,2.83,15,40,30,35,Pitcher
2022,Phil Bickford,4.72,14,67,60,61,Pitcher
2022,Phil Gosselin,0,0,0,1,1,Pitcher
2022,Phil Maton,3.84,24,73,67,65.2,Pitcher
2022,Phillip Diehl,11.12,3,3,5,5.2,Pitcher
2022,Phillips Valdez,4.41,7,13,13,16.1,Pitcher
2022,Phoenix Sanders,3.07,3,12,8,14.2,Pitcher
2022,Pierce Johnson,5.02,8,21,15,14.1,Pitcher
2022,R.J. Alvarez,11.57,3,2,1,2.1,Pitcher
2022,Rafael Montero,2.37,23,73,71,68.1,Pitcher
2022,Raisel Iglesias,2.47,14,78,67,62,Pitcher
2022,Ralph Garza,3.34,16,17,19,35,Pitcher
2022,Randal Grichuk,0,0,0,1,1,Pitcher
2022,Ranger Su\xc3\xa1rez,3.65,58,129,29,155.1,Pitcher
2022,Ray Kerr,9,4,3,7,5,Pitcher
2022,Raynel Espinal,7.71,1,5,2,4.2,Pitcher
2022,Reed Garrett,6.75,8,6,7,9.1,Pitcher
2022,Reese McGuire,0,0,0,1,1,Pitcher
2022,Reid Detmers,3.77,46,122,25,129,Pitcher
2022,Reiss Knehr,3.95,4,10,5,13.2,Pitcher
2022,Reiver Sanmartin,6.32,29,47,45,57,Pitcher
2022,Reyes Moronta,4.3,18,38,39,37.2,Pitcher
2022,Reynaldo L\xc3\xb3pez,2.76,11,63,61,65.1,Pitcher
2022,Rich Hill,4.27,37,109,26,124.1,Pitcher
2022,Richard Bleier,3.55,10,32,55,50.2,Pitcher
2022,Rico Garcia,4.5,3,2,6,8,Pitcher
2022,Riley O\'Brien,0,1,1,1,1,Pitcher
2022,Roansy Contreras,3.79,39,86,21,95,Pitcher
2022,Rob Zastryzny,6.75,1,3,6,4,Pitcher
2022,Robbie Erlin,9,1,1,2,2,Pitcher
2022,Robbie Ray,3.71,62,212,32,189,Pitcher
2022,Robert Dugger,6.19,7,19,4,16,Pitcher
2022,Robert Gsellman,4.7,3,9,8,15.1,Pitcher
2022,Robert Stephenson,5.43,14,55,58,58,Pitcher
2022,Robert Suarez,2.27,21,61,45,47.2,Pitcher
2022,Roenis El\xc3\xadas,3.52,3,6,7,7.2,Pitcher
2022,Ron Marinaccio,2.05,24,56,40,44,Pitcher
2022,Ronald Bola\xc3\xb1os,4.42,12,12,8,18.1,Pitcher
2022,Ronel Blanco,7.11,4,7,7,6.1,Pitcher
2022,Ronny Henriquez,2.31,3,9,3,11.2,Pitcher
2022,Rony Garc\xc3\xada,4.41,13,48,16,51,Pitcher
2022,Ross Detwiler,4.44,10,28,30,26.1,Pitcher
2022,Ross Stripling,3.01,20,111,32,134.1,Pitcher
2022,Rowan Wick,4.22,29,69,64,64,Pitcher
2022,Ryan Borucki,5.68,11,21,32,25.1,Pitcher
2022,Ryan Brasier,5.78,13,64,68,62.1,Pitcher
2022,Ryan Burr,6,4,7,8,9,Pitcher
2022,Ryan Castellani,0,0,1,3,2.2,Pitcher
2022,Ryan Feltner,5.83,35,84,20,97.1,Pitcher
2022,Ryan Helsley,1.25,20,94,54,64.2,Pitcher
2022,Ryan Hendrix,5.4,6,9,9,8.1,Pitcher
2022,Ryan McKenna,13.5,1,0,2,1.1,Pitcher
2022,Ryan Pepiot,3.47,27,42,9,36.1,Pitcher
2022,Ryan Pressly,2.98,13,65,50,48.1,Pitcher
2022,Ryan Tepera,3.61,20,47,59,57.1,Pitcher
2022,Ryan Thompson,3.8,11,39,47,42.2,Pitcher
2022,Ryan Weathers,9.82,4,3,1,3.2,Pitcher
2022,Ryan Weber,0.84,1,3,5,10.2,Pitcher
2022,Ryan Yarbrough,4.5,22,61,20,80,Pitcher
2022,Ryne Nelson,1.47,6,16,3,18.1,Pitcher
2022,Ryne Stanek,1.15,31,62,59,54.2,Pitcher
2022,Sam Clay,8.44,4,5,7,5.1,Pitcher
2022,Sam Coonrod,7.82,7,12,12,12.2,Pitcher
2022,Sam Hentges,2.32,19,72,57,62,Pitcher
2022,Sam Howard,9,4,1,3,2,Pitcher
2022,Sam Long,3.61,14,33,28,42.1,Pitcher
2022,Sam Moll,2.91,22,46,53,43.1,Pitcher
2022,Sam Selman,4.91,5,18,16,18.1,Pitcher
2022,Sandy Alcantara,2.28,50,207,32,228.2,Pitcher
2022,Sandy Le\xc3\xb3n,0,0,0,1,2,Pitcher
2022,Scott Alexander,1.04,1,10,17,17.1,Pitcher
2022,Scott Barlow,2.18,22,77,69,74.1,Pitcher
2022,Scott Effross,2.54,15,62,60,56.2,Pitcher
2022,Sean Doolittle,0,0,6,6,5.1,Pitcher
2022,Sean Hjelle,5.76,8,28,8,25,Pitcher
2022,Sean Manaea,4.96,50,156,30,158,Pitcher
2022,Sean Newcomb,8.78,19,28,20,27.2,Pitcher
2022,Sean Poppen,4.4,12,22,29,28.2,Pitcher
2022,Sean Reid-Foley,5.4,7,8,7,10,Pitcher
2022,Seranthony Dom\xc3\xadnguez,3,22,61,54,51,Pitcher
2022,Sergio Romo,7.5,6,14,23,18,Pitcher
2022,Seth Lugo,3.6,18,69,62,65,Pitcher
2022,Seth Martinez,2.09,14,38,29,38.2,Pitcher
2022,Shane Baz,5,9,30,6,27,Pitcher
2022,Shane Bieber,2.88,36,198,31,200,Pitcher
2022,Shane Greene,6,1,2,2,3,Pitcher
2022,Shane McClanahan,2.54,38,194,28,166.1,Pitcher
2022,Shaun Anderson,18,0,0,1,1,Pitcher
2022,Shawn Armstrong,4.38,17,66,50,61.2,Pitcher
2022,Shelby Miller,6.43,3,14,4,7,Pitcher
2022,Sheldon Neuse,0,0,0,3,3.2,Pitcher
2022,Shohei Ohtani,2.33,44,219,28,166,Pitcher
2022,Silvino Bracho,6.23,1,4,3,4.1,Pitcher
2022,Simeon Woods Richardson,3.6,2,3,1,5,Pitcher
2022,Sonny Gray,3.08,36,117,24,119.2,Pitcher
2022,Spencer Howard,7.41,15,32,10,37.2,Pitcher
2022,Spencer Patton,3.86,3,5,7,7,Pitcher
2022,Spencer Strider,2.67,45,202,31,131.2,Pitcher
2022,Spenser Watkins,4.7,30,63,23,105.1,Pitcher
2022,Stephen Nogosek,2.45,7,21,12,22,Pitcher
2022,Stephen Strasburg,13.5,2,5,1,4.2,Pitcher
2022,Steve Cishek,4.21,27,74,69,66.1,Pitcher
2022,Steven Brault,3,5,8,9,9,Pitcher
2022,Steven Matz,5.25,10,54,14,48,Pitcher
2022,Steven Okert,2.98,26,63,60,51.1,Pitcher
2022,Steven Wilson,3.06,20,53,50,53,Pitcher
2022,T.J. McFarland,6.61,11,16,28,32.2,Pitcher
2022,T.J. Zeuch,15.19,7,5,3,10.2,Pitcher
2022,Taijuan Walker,3.49,45,132,29,157.1,Pitcher
2022,Tanner Banks,3.06,18,49,35,53,Pitcher
2022,Tanner Houck,3.15,22,56,32,60,Pitcher
2022,Tanner Rainey,3.3,13,36,29,30,Pitcher
2022,Tanner Scott,4.31,46,90,67,62.2,Pitcher
2022,Tanner Tully,6,6,2,3,6,Pitcher
2022,Tarik Skubal,3.52,32,117,21,117.2,Pitcher
2022,Tayler Saucedo,13.5,1,0,4,2.2,Pitcher
2022,Tayler Scott,6.75,6,13,8,12,Pitcher
2022,Taylor Clarke,4.04,8,48,47,49,Pitcher
2022,Taylor Hearn,5.13,43,97,31,100,Pitcher
2022,Taylor Rogers,4.76,19,84,66,64.1,Pitcher
2022,Taylor Widener,3.63,5,14,14,17.1,Pitcher
2022,Thomas Hatch,19.29,2,4,1,4.2,Pitcher
2022,Thomas Szapucki,7.2,7,18,11,15,Pitcher
2022,Tim Hill,3.56,14,25,55,48,Pitcher
2022,Tim Mayza,3.14,12,44,63,48.2,Pitcher
2022,Tommy Henry,5.36,21,36,9,47,Pitcher
2022,Tommy Hunter,2.42,6,22,18,22.1,Pitcher
2022,Tommy Kahnle,2.84,3,14,13,12.2,Pitcher
2022,Tommy Milone,5.4,6,5,7,16.2,Pitcher
2022,Tommy Nance,4.12,21,57,35,43.2,Pitcher
2022,Tommy Romero,10.8,9,7,4,8.1,Pitcher
2022,Tony Gonsolin,2.14,35,119,24,130.1,Pitcher
2022,Tony Santillan,5.49,12,21,21,19.2,Pitcher
2022,Touki Toussaint,4.62,19,26,8,25.1,Pitcher
2022,Travis Lakins Sr.,9.58,6,8,6,10.1,Pitcher
2022,Trent Thornton,4.11,17,37,32,46,Pitcher
2022,Trevor Gott,4.14,12,44,45,45.2,Pitcher
2022,Trevor Kelley,6.08,9,23,18,23.2,Pitcher
2022,Trevor May,5.04,9,30,26,25,Pitcher
2022,Trevor Megill,4.8,17,49,39,45,Pitcher
2022,Trevor Richards,5.34,35,82,62,64,Pitcher
2022,Trevor Rogers,5.47,45,106,23,107,Pitcher
2022,Trevor Stephan,2.69,18,82,66,63.2,Pitcher
2022,Trevor Williams,3.21,23,84,30,89.2,Pitcher
2022,Triston McKenzie,2.96,44,190,31,191.1,Pitcher
2022,Tucker Barnhart,9,0,0,1,1,Pitcher
2022,Tucker Davidson,6.75,35,33,12,52,Pitcher
2022,Ty Blach,5.89,11,29,24,44.1,Pitcher
2022,Tyler Alexander,4.81,25,61,27,101,Pitcher
2022,Tyler Anderson,2.57,34,138,30,178.2,Pitcher
2022,Tyler Beede,5.14,29,39,31,61.1,Pitcher
2022,Tyler Clippard,7.2,4,4,4,5,Pitcher
2022,Tyler Cyr,2.7,5,16,12,13.1,Pitcher
2022,Tyler Danish,5.13,12,32,32,40.1,Pitcher
2022,Tyler Duffey,4.91,15,39,40,44,Pitcher
2022,Tyler Gilbert,5.24,10,20,8,34.1,Pitcher
2022,Tyler Glasnow,1.35,2,10,2,6.2,Pitcher
2022,Tyler Holton,3,2,6,10,9,Pitcher
2022,Tyler Kinley,0.75,6,27,25,24,Pitcher
2022,Tyler Mahle,4.4,43,126,23,120.2,Pitcher
2022,Tyler Matzek,3.5,29,36,42,43.2,Pitcher
2022,Tyler Rogers,3.57,23,49,68,75.2,Pitcher
2022,Tyler Thornburg,3.32,11,14,14,19,Pitcher
2022,Tyler Wells,4.25,28,76,23,103.2,Pitcher
2022,Tylor Megill,5.13,13,51,15,47.1,Pitcher
2022,Tyson Miller,10.97,8,8,4,10.2,Pitcher
2022,V\xc3\xadctor Arano,4.5,12,44,43,42,Pitcher
2022,Victor Caratini,27,1,0,1,1,Pitcher
2022,Vince Velasquez,4.78,25,69,27,75.1,Pitcher
2022,Vinny Nittoli,0,1,1,2,2,Pitcher
2022,Vladimir Gutierrez,7.61,24,29,10,36.2,Pitcher
2022,Wade Miley,3.16,14,28,9,37,Pitcher
2022,Walker Buehler,4.02,17,58,12,65,Pitcher
2022,Wandy Peralta,2.72,17,47,56,56.1,Pitcher
2022,Whit Merrifield,18,0,0,1,1,Pitcher
2022,Wil Crowe,4.38,38,68,60,76,Pitcher
2022,Wil Myers,7.36,0,0,4,3.2,Pitcher
2022,Will Smith,3.97,25,65,65,59,Pitcher
2022,Will Vest,4,22,63,59,63,Pitcher
2022,William Woods,0,1,2,2,2,Pitcher
2022,Willians Astudillo,0,2,0,2,2,Pitcher
2022,Wily Peralta,2.58,24,32,28,38.1,Pitcher
2022,Wyatt Mills,4.6,13,26,27,29.1,Pitcher
2022,Xzavion Curry,5.79,6,3,2,9.1,Pitcher
2022,Yadier Molina,18,0,1,2,2,Pitcher
2022,Yency Almonte,1.02,10,33,33,35.1,Pitcher
2022,Yennier Cano,11.5,16,21,13,18,Pitcher
2022,Yerry De Los Santos,4.91,11,26,26,25.2,Pitcher
2022,Yerry Rodr\xc3\xadguez,0,0,1,1,1,Pitcher
2022,Yimi Garc\xc3\xada,3.1,16,58,61,61,Pitcher
2022,Yoan L\xc3\xb3pez,5.73,5,10,8,11,Pitcher
2022,Yohan Ramirez,4.58,20,32,30,37.1,Pitcher
2022,Yolmer Sanchez,9,0,0,1,1,Pitcher
2022,Yonny Chirinos,0,1,6,2,7,Pitcher
2022,Yu Chang,13.5,0,0,2,2,Pitcher
2022,Yu Darvish,3.1,37,197,30,194.2,Pitcher
2022,Yunior Marte,5.44,22,44,39,48,Pitcher
2022,Yusei Kikuchi,5.19,58,124,32,100.2,Pitcher
2022,Zac Gallen,2.54,47,192,31,184,Pitcher
2022,Zac Lowther,8.44,2,1,1,5.1,Pitcher
2022,Zach Davies,4.09,52,102,27,134.1,Pitcher
2022,Zach Eflin,4.04,15,65,20,75.2,Pitcher
2022,Zach Jackson,3,33,67,54,48,Pitcher
2022,Zach Logue,6.79,20,42,14,57,Pitcher
2022,Zach Plesac,4.31,38,100,25,131.2,Pitcher
2022,Zach Pop,2.77,4,25,35,39,Pitcher
2022,Zach Thompson,5.18,46,90,29,121.2,Pitcher
2022,Zack Britton,13.5,6,1,3,0.2,Pitcher
2022,Zack Greinke,3.68,27,73,26,137,Pitcher
2022,Zack Kelly,3.95,4,11,13,13.2,Pitcher
2022,Zack Littell,5.08,13,39,39,44.1,Pitcher
2022,Zack Thompson,2.08,14,27,22,34.2,Pitcher
2022,Zack Weiss,3.38,7,18,12,13.1,Pitcher
2022,Zack Wheeler,2.82,34,163,26,153,Pitcher